title,rating,review_counts,publication_house,author,publishing_date,copies_sold
The Chance Chronicles 5,2.66,49090,Pena LLC Publications,Dustin Barber,2021-01-23,186911
The Do Chronicles 4,3.39,16802,Ferrell and Sons Publications,Thomas Waters,2022-09-05,373639
The According Chronicles 1,4.74,7465,Lopez-Jones Publications,Antonio Crane,2023-02-27,636637
The Well Chronicles 1,4.29,11749,Nguyen Inc Publications,Stephanie Smith,2021-04-25,989555
The Explain Chronicles 2,3.58,38661,Moore LLC Publications,Jose Young,2016-10-18,748602
The Star Chronicles 4,4.73,11739,Young-Johnson Publications,Dan Pham,2022-04-23,957686
The Trade Chronicles 2,4.49,40220,Walker-Parks Publications,Timothy Wells,2018-04-07,418024
The Image Chronicles 3,3.87,6413,Tucker and Sons Publications,Craig Ayala,2018-02-15,373509
The Machine Chronicles 1,3.26,47010,Cruz PLC Publications,Allen Spence,2024-03-21,300649
The What Chronicles 4,4.91,30933,Young-Johnson Publications,Thomas Waters,2024-04-22,816857
The Listen Chronicles 4,2.89,46927,"Harris, Davis and Stevenson Publications",Jennifer Brown,2024-01-22,488995
The Minute Chronicles 2,3.61,23583,"Schroeder, Moore and Allen Publications",Stacy Gutierrez,2021-04-10,763716
The Owner Chronicles 3,2.66,22976,Austin LLC Publications,Barbara Benson,2022-02-28,992409
The Throughout Chronicles 2,2.93,3540,Ramos-Walker Publications,Brian Rivera,2025-04-23,299152
The Staff Chronicles 5,4.17,8996,Austin LLC Publications,Mary Smith,2016-09-14,7174
The Think Chronicles 3,2.99,22461,Martin Inc Publications,Antonio Crane,2016-05-20,293785
The Later Chronicles 1,2.98,5347,"Green, Castillo and Rowe Publications",Larry Lewis,2017-04-27,112505
The Source Chronicles 4,4.79,24214,Patterson-Potter Publications,Jose Young,2024-09-10,70831
The Special Chronicles 3,2.8,6720,Smith Ltd Publications,Mathew Martin,2023-08-24,610992
The Well Chronicles 3,4.4,43016,Gilbert-Robinson Publications,Jerry Brown,2018-04-13,423913
The Expert Chronicles 5,4.4,14301,Joseph-Gonzalez Publications,Joshua White,2024-10-31,140268
The Impact Chronicles 5,4.69,17744,Reyes-Carter Publications,Andrew Carlson,2025-05-10,780337
The West Chronicles 4,3.25,26708,Moore-Potter Publications,Cody Thomas,2021-12-30,212675
The As Chronicles 3,3.43,16810,Ortega-Brandt Publications,Katelyn Smith,2022-08-26,312365
The Alone Chronicles 1,3.97,31405,"Taylor, Murphy and Watkins Publications",Thomas Waters,2022-11-28,167169
The Tonight Chronicles 5,3.04,9878,"Schroeder, Moore and Allen Publications",Matthew Brooks,2018-10-13,88493
The Sing Chronicles 2,3.42,19665,Walker-Parks Publications,Arthur Nunez,2019-08-29,658098
The May Chronicles 3,3.16,40066,Sanders PLC Publications,Donna Miller,2019-07-03,825346
The Figure Chronicles 2,3.37,41467,"Reese, Tate and Mann Publications",Brian Alvarado,2018-10-09,680778
The Sit Chronicles 3,4.93,10114,Young-Johnson Publications,James Rivera PhD,2023-05-18,159712
The Part Chronicles 1,4.43,28352,Gilbert-Robinson Publications,Vickie Peters,2020-12-20,336759
The Wonder Chronicles 1,2.54,16619,Sanders PLC Publications,Dan Pham,2017-12-21,187964
The Alone Chronicles 3,4.03,14230,"Green, Castillo and Rowe Publications",Willie Cline,2022-08-29,615743
The Economy Chronicles 3,2.68,2881,Walker-Parks Publications,Christine Jackson,2020-07-11,579629
The Report Chronicles 5,4.65,38548,Nguyen Inc Publications,Cynthia Garcia,2022-07-13,807097
The Reflect Chronicles 1,3.27,17697,"Reese, Tate and Mann Publications",Marissa Morgan,2019-11-12,103973
The Where Chronicles 4,3.59,5776,Lopez-Jones Publications,Nicholas Harris,2023-06-12,539573
The Learn Chronicles 2,4.82,9410,Nguyen Inc Publications,Connie Wise,2025-01-25,302268
The Game Chronicles 4,4.64,14834,Reyes-Carter Publications,Timothy Wells,2023-12-18,839592
The Light Chronicles 2,3.28,17555,Joseph-Gonzalez Publications,Maria Evans,2016-11-14,812471
The Money Chronicles 5,4.26,3463,Walker-Parks Publications,Anita Andrade,2023-01-04,581746
The Rate Chronicles 3,3.83,34007,Peters Group Publications,Kristen Cantrell,2025-08-14,754910
The Challenge Chronicles 1,4.97,4343,Ferrell and Sons Publications,Mary Smith,2021-04-06,691389
The Though Chronicles 3,4.85,19313,Reyes-Carter Publications,Mark Martin,2017-05-06,854491
The Hold Chronicles 4,3.71,21442,Cabrera-Eaton Publications,James Ayala,2018-06-08,765782
The Well Chronicles 5,3.61,48772,Moore-Potter Publications,Scott Ortiz,2022-07-09,939368
The Your Chronicles 4,2.66,6020,Pena LLC Publications,Cheryl Reyes MD,2023-02-21,355021
The North Chronicles 2,3.5,14429,Matthews-Johnson Publications,Lisa Henderson,2022-11-16,144932
The Game Chronicles 3,3.15,45774,Barrera-Liu Publications,Dwayne Elliott,2018-10-21,587073
The Collection Chronicles 1,3.26,14905,"Crosby, West and Norton Publications",Cynthia Garcia,2018-08-13,680810
The Season Chronicles 4,2.9,5687,Reyes-Carter Publications,Anita Andrade,2018-06-19,829774
The Sing Chronicles 4,2.7,44653,Huber Group Publications,Brandon Avery,2025-03-12,2042
The Daughter Chronicles 2,4.35,11895,"Crosby, West and Norton Publications",Eric Moreno,2021-10-19,885102
The Chance Chronicles 5,3.91,26097,Barrera-Liu Publications,Anthony Phillips,2019-01-20,32406
The Economy Chronicles 3,2.59,31098,Hicks PLC Publications,Lisa Henderson,2020-09-07,337671
The Represent Chronicles 2,2.57,39615,Tucker and Sons Publications,Jasmine Blanchard,2019-12-26,263707
The About Chronicles 2,4.24,27539,"Miller, Sanchez and Moore Publications",Willie Cline,2022-05-05,15222
The Do Chronicles 1,2.52,43533,Ramos-Walker Publications,Tyler Simmons,2017-10-16,660925
The Report Chronicles 1,2.89,24443,Nguyen Inc Publications,Donna Miller,2018-02-27,290844
The Staff Chronicles 3,3.58,15085,Nguyen Inc Publications,Kristie Wilson,2020-11-07,557165
The Consider Chronicles 2,3.04,2299,"Crosby, West and Norton Publications",Jessica Martin,2025-07-25,795632
The Individual Chronicles 5,4.84,24808,Huber Group Publications,Lisa Cunningham,2016-04-23,447428
The Interesting Chronicles 5,4.08,1693,Martinez-Park Publications,Janice Johnson,2017-06-25,123710
The Report Chronicles 1,3.22,29446,"Garrison, Donovan and Nelson Publications",Darius Jimenez,2024-04-21,663304
The All Chronicles 2,4.16,35331,"Smith, Erickson and Stephens Publications",Scott Ortiz,2020-05-31,552682
The About Chronicles 2,4.38,22855,Meza-Cook Publications,Mr. Timothy Ray,2020-07-26,724968
The Put Chronicles 1,4.66,9472,"Green, Castillo and Rowe Publications",Samantha Webb,2016-05-18,979681
The Usually Chronicles 3,3.42,38086,Callahan LLC Publications,Dan Pham,2025-03-04,841755
The Chance Chronicles 2,4.48,1857,Sanders PLC Publications,Peter Butler,2024-06-06,837873
The Position Chronicles 4,2.7,24909,Peters Group Publications,Anthony Nelson,2024-09-26,425673
The Conference Chronicles 5,3.66,23820,Martinez-Park Publications,Katie Little,2021-10-07,463776
The Thousand Chronicles 2,3.73,32659,Nielsen PLC Publications,Angie Gray,2020-08-14,261238
The Stop Chronicles 2,4.36,6159,"Reese, Tate and Mann Publications",Cameron Hall,2025-09-14,665773
The A Chronicles 4,4.15,47137,Brown-Holmes Publications,Tyler Simmons,2022-10-24,524688
The Thus Chronicles 1,2.91,37024,Walker-Parks Publications,Lisa Cunningham,2022-10-23,48509
The Month Chronicles 3,4.38,23734,"Reese, Tate and Mann Publications",Darius Jimenez,2023-11-01,755416
The School Chronicles 4,4.45,35021,"Green, Castillo and Rowe Publications",James Rivera PhD,2022-07-31,261555
The Letter Chronicles 1,3.84,22055,Moore LLC Publications,Jerry Brown,2017-06-01,269966
The As Chronicles 5,3.31,23002,Nielsen PLC Publications,Cheryl Reyes MD,2022-10-28,342548
The Doctor Chronicles 2,2.56,18409,Matthews-Johnson Publications,Sarah Cook,2024-08-28,231622
The Water Chronicles 1,2.59,41970,"Crosby, West and Norton Publications",Barbara Maxwell,2024-12-01,185166
The Light Chronicles 2,3.43,42466,Taylor Inc Publications,Mary Smith,2023-11-20,536047
The Alone Chronicles 1,3.15,7251,Ortega-Brandt Publications,Anthony Phillips,2022-12-12,998233
The Color Chronicles 3,4.54,39379,"Green, Castillo and Rowe Publications",Travis Reyes,2021-09-27,429683
The Common Chronicles 4,4.44,8182,"Schroeder, Moore and Allen Publications",Tonya Clark,2023-11-09,295028
The Daughter Chronicles 4,2.71,12499,"Shaffer, Walker and Lowe Publications",Kristie Wilson,2019-09-30,710227
The Minute Chronicles 2,2.8,45148,Pena LLC Publications,Peter Butler,2016-07-03,756905
The Necessary Chronicles 4,2.9,22859,"Gonzales, Miles and Ray Publications",Kenneth Rodriguez,2020-11-01,960892
The Top Chronicles 5,4.75,11342,Gilbert-Robinson Publications,Andrew Carlson,2024-02-03,398714
The Always Chronicles 2,3.4,3642,"Taylor, Murphy and Watkins Publications",Connie Wise,2016-07-18,214551
The Great Chronicles 4,4.09,36109,Nielsen PLC Publications,Amy Ballard,2017-11-25,720291
The Party Chronicles 4,2.64,24679,Gilbert-Robinson Publications,John Johnson,2020-07-29,239913
The Thus Chronicles 1,4.6,18941,Meza-Cook Publications,Michael Nash,2018-05-14,939465
The Choice Chronicles 5,3.07,34769,Tucker and Sons Publications,Valerie Estes,2017-01-27,810496
The Wonder Chronicles 1,3.51,32865,Nielsen PLC Publications,Samantha Webb,2017-10-31,434899
The What Chronicles 5,4.95,19046,"Crosby, West and Norton Publications",Sharon Salazar,2025-07-31,599446
The Late Chronicles 4,4.74,20055,Gamble-Reed Publications,Mark Martin,2017-05-21,430033
The Hold Chronicles 4,2.92,20540,Joseph-Gonzalez Publications,Amy Ballard,2023-12-24,262537
The Ten Chronicles 3,2.8,48407,Callahan LLC Publications,Joshua White,2021-09-29,994863
The Method Chronicles 3,3.58,2535,Taylor Inc Publications,Barbara Maxwell,2019-07-20,275452
The Cost Chronicles 5,4.65,23869,Martin Inc Publications,Barbara Benson,2025-07-13,155121
The Tonight Chronicles 4,3.97,2103,"Gonzales, Miles and Ray Publications",Andrew Carlson,2015-10-16,532010
The Cultural Chronicles 2,2.82,39687,Peters Group Publications,Brian Rivera,2023-09-26,651267
The Cultural Chronicles 5,2.88,32433,Lopez-Jones Publications,Dustin Barber,2024-03-21,19224
The Represent Chronicles 4,4.08,983,Moore LLC Publications,Jeffery Ortega,2017-04-02,934128
The Great Chronicles 2,4.36,37988,Gilbert-Robinson Publications,Jose Young,2024-09-14,361618
The North Chronicles 2,4.73,1752,"Wang, Russell and Davis Publications",Jeffery Wagner,2022-06-09,382754
The Usually Chronicles 2,4.57,24758,Pena LLC Publications,Cheryl Reyes MD,2025-09-01,142802
The Few Chronicles 1,2.82,31465,Ramos-Walker Publications,Andrew Carlson,2018-12-12,982971
The Money Chronicles 1,4.42,36253,Martinez-Park Publications,Sarah Cook,2025-08-22,108841
The Listen Chronicles 4,3.71,22274,"Schroeder, Moore and Allen Publications",Lisa Henderson,2020-11-21,611180
The Sing Chronicles 5,4.71,991,Sanders PLC Publications,Allen Spence,2025-05-06,307835
The Fill Chronicles 4,4.81,16763,"Schroeder, Moore and Allen Publications",Amy Ballard,2021-03-14,518006
The Study Chronicles 5,4.19,41823,Martinez-Park Publications,Susan Taylor,2018-12-19,608490
The Position Chronicles 3,3.66,29086,Chen-Campbell Publications,James Rivera PhD,2023-06-03,102464
The Expert Chronicles 3,3.85,23799,Pena LLC Publications,Cynthia Marshall,2023-06-16,767346
The Economy Chronicles 2,4.4,44539,"Garrison, Donovan and Nelson Publications",Emily Hughes,2018-03-13,336744
The Ready Chronicles 2,3.2,43282,"Santiago, Jones and West Publications",David Aguilar,2016-10-22,375516
The Thus Chronicles 1,3.16,16470,Clark-Mccarthy Publications,Michael Nash,2025-07-21,157368
The Game Chronicles 2,3.2,30143,"Harris, Davis and Stevenson Publications",Larry Lewis,2025-05-30,906432
The Rise Chronicles 4,2.86,19087,Fuller-Herrera Publications,Ryan Mcintosh,2016-08-26,602636
The Rate Chronicles 3,3.77,13442,Smith Ltd Publications,Connie Wise,2016-03-07,398358
The Party Chronicles 4,3.53,39239,Joseph-Gonzalez Publications,Scott Ortiz,2022-07-24,703489
The Ten Chronicles 5,2.99,28918,Meza-Cook Publications,Craig Ayala,2016-08-31,674836
The Piece Chronicles 4,2.94,17963,Lopez-Jones Publications,Cheryl Reyes MD,2022-12-11,484686
The Image Chronicles 2,2.68,21114,"Garrison, Donovan and Nelson Publications",Nicholas Harris,2025-07-18,633148
The Conference Chronicles 1,4.09,48166,Clark-Mccarthy Publications,Sharon Salazar,2024-10-18,320207
The Movement Chronicles 1,4.59,34094,Chen-Campbell Publications,Arthur Nunez,2025-08-02,341008
The Describe Chronicles 2,3.85,481,"Miller, Sanchez and Moore Publications",James Rivera PhD,2022-05-28,909935
The Indicate Chronicles 5,4.03,24688,Ortega-Brandt Publications,Andrea Morris,2022-06-20,577688
The Game Chronicles 1,4.53,23403,Meza-Cook Publications,Michael Nash,2021-04-13,7866
The North Chronicles 3,4.92,41738,Reyes-Carter Publications,Christine Jackson,2020-04-28,436035
The Local Chronicles 1,4.57,46940,Callahan LLC Publications,Kristen Cantrell,2020-12-04,317114
The Stand Chronicles 4,3.77,199,Moore LLC Publications,Katelyn Smith,2017-10-01,182968
The Mrs Chronicles 1,3.78,7597,Peters Group Publications,Dylan Smith,2023-02-12,753106
The Ten Chronicles 5,3.1,7013,"Smith, Erickson and Stephens Publications",Pam Jones,2020-12-13,967104
The Doctor Chronicles 5,3.05,16959,"Reese, Tate and Mann Publications",Tyler Simmons,2025-06-26,533931
The Kid Chronicles 5,2.71,36931,Tucker and Sons Publications,Stephanie Smith,2021-04-25,173114
The Across Chronicles 3,4.48,13499,"Garrison, Donovan and Nelson Publications",Taylor Gibson,2020-08-17,943771
The Like Chronicles 3,2.95,13797,Patterson-Potter Publications,Antonio Crane,2018-07-08,642046
The Star Chronicles 2,4.53,38774,Fuller-Herrera Publications,Brittany Gutierrez,2022-06-03,455635
The Wonder Chronicles 2,3.25,22176,Gamble-Reed Publications,Maria Evans,2017-09-11,841569
The Week Chronicles 1,3.04,32554,Pena LLC Publications,Stacy Gutierrez,2023-10-12,699121
The Throughout Chronicles 4,3.27,6284,"Shaffer, Walker and Lowe Publications",David Aguilar,2020-06-29,936465
The Trade Chronicles 2,3.13,33169,Gamble-Reed Publications,Nicholas Harris,2020-01-23,268714
The Part Chronicles 4,3.69,36697,Walker-Parks Publications,Jose Young,2023-06-20,319768
The Represent Chronicles 2,4.26,1829,Taylor Inc Publications,Cynthia Marshall,2025-04-17,826830
The Sing Chronicles 3,4.75,13695,Martinez-Park Publications,Veronica Miller,2021-05-08,671290
The Hot Chronicles 2,3.41,3976,Sanders PLC Publications,Kristen Cantrell,2018-06-05,763970
The Stand Chronicles 2,2.61,27246,"Reese, Tate and Mann Publications",Jeffery Ortega,2023-01-09,652344
The Game Chronicles 3,4.1,45820,Fuller-Herrera Publications,Christine Jackson,2024-09-01,575224
The Daughter Chronicles 1,2.82,16825,"Crosby, West and Norton Publications",Anthony Phillips,2021-01-25,763744
The Trouble Chronicles 2,3.05,21855,Smith Ltd Publications,Dwayne Elliott,2017-12-23,310347
The Image Chronicles 3,2.7,29416,"Miller, Sanchez and Moore Publications",Kristen Cantrell,2020-09-05,592413
The People Chronicles 1,4.42,7897,Walker-Parks Publications,Brian Rivera,2020-09-24,979303
The Father Chronicles 2,3.05,37127,Tucker and Sons Publications,Ryan Mcintosh,2017-08-26,82800
The Time Chronicles 3,3.25,36519,Gamble-Reed Publications,Emily Hughes,2022-05-16,768240
The Star Chronicles 3,4.84,43659,Young-Johnson Publications,Tammy Hudson,2023-12-09,192015
The Maintain Chronicles 4,2.92,44113,"Wang, Russell and Davis Publications",Jerry Brown,2018-05-24,583780
The Hot Chronicles 2,4.17,36689,Smith Ltd Publications,Kevin Arnold,2022-03-30,385543
The Source Chronicles 2,2.77,36274,"Gonzales, Miles and Ray Publications",Joshua White,2025-01-01,106960
The Student Chronicles 1,3.05,36064,"Crosby, West and Norton Publications",Jeffery Ortega,2019-11-28,241164
The Letter Chronicles 1,4.07,46867,"Green, Castillo and Rowe Publications",Christine Jackson,2022-05-21,353661
The According Chronicles 2,3.38,40954,"Wang, Russell and Davis Publications",Timothy Wells,2017-12-02,367102
The As Chronicles 3,4.25,12904,"Gonzales, Miles and Ray Publications",Samantha Webb,2019-11-21,726434
The Sing Chronicles 1,4.24,49511,Fuller-Herrera Publications,Travis Reyes,2021-08-20,519839
The Cost Chronicles 2,4.79,37056,Martinez-Park Publications,Eric Moreno,2024-07-13,843191
The Light Chronicles 4,3.04,35469,Fuller-Herrera Publications,Christopher Waller,2023-08-21,717637
The Report Chronicles 2,2.64,35595,Fuller-Herrera Publications,Nicole Morrison,2015-11-05,859143
The Letter Chronicles 1,2.82,27215,"Schroeder, Moore and Allen Publications",Veronica Miller,2017-07-05,757670
The No Chronicles 5,4.17,27219,Smith Ltd Publications,Luis Reed Jr.,2016-11-12,131282
The In Chronicles 5,4.32,47124,"Crosby, West and Norton Publications",Taylor Gibson,2022-07-23,532171
The As Chronicles 5,3.09,45002,"Harris, Davis and Stevenson Publications",Christopher Lopez,2018-09-14,407471
The Local Chronicles 1,3.29,37592,Taylor Inc Publications,Kevin Arnold,2022-09-02,361777
The Usually Chronicles 3,4.59,45596,Barrera-Liu Publications,Cynthia Garcia,2022-08-01,880697
The Entire Chronicles 5,3.26,47838,Peters Group Publications,Sarah Cook,2023-02-08,233871
The Few Chronicles 5,3.48,31867,"Santiago, Jones and West Publications",Dylan Smith,2023-02-22,218048
The Hot Chronicles 4,2.88,27514,Gilbert-Robinson Publications,Darius Jimenez,2021-09-25,965352
The Face Chronicles 2,3.17,6975,Joseph-Gonzalez Publications,Vickie Peters,2023-01-02,836507
The Listen Chronicles 3,3.11,18086,Barrera-Liu Publications,Nicole Morrison,2022-03-29,427572
The Position Chronicles 1,4.67,16972,Ferrell and Sons Publications,David Aguilar,2022-04-24,781959
The Science Chronicles 2,3.05,24077,"Smith, Erickson and Stephens Publications",Timothy Wells,2023-04-11,354052
The Certainly Chronicles 1,4.59,37982,"Harris, Davis and Stevenson Publications",David Hernandez,2024-12-12,447965
The Him Chronicles 3,4.16,4072,Ortega-Brandt Publications,Brandon Avery,2025-04-04,406073
The May Chronicles 2,3.49,45257,"Crosby, West and Norton Publications",Cynthia Garcia,2023-08-12,380246
The Blood Chronicles 2,3.75,41609,Callahan LLC Publications,Vickie Peters,2019-01-20,81482
The Star Chronicles 2,2.91,1584,Matthews-Johnson Publications,Andrew Carlson,2017-05-17,78605
The May Chronicles 5,3.04,584,Martin Inc Publications,Valerie Estes,2024-01-29,603258
The Face Chronicles 3,3.91,47224,"Miller, Sanchez and Moore Publications",Amanda Gibbs,2025-09-14,167970
The Few Chronicles 1,4.26,25958,"Reese, Tate and Mann Publications",Emily Hughes,2017-09-18,519631
The Well Chronicles 3,4.68,13044,Cruz PLC Publications,Angie Gray,2016-06-17,958787
The What Chronicles 3,3.16,15475,Hicks PLC Publications,Anthony Phillips,2024-11-14,693619
The Community Chronicles 1,3.05,35630,Lopez-Jones Publications,Tina Cowan,2022-05-26,73196
The Collection Chronicles 1,4.0,24115,Matthews-Johnson Publications,Katelyn Smith,2025-07-18,477403
The Thus Chronicles 3,3.32,3423,Peters Group Publications,Valerie Estes,2022-05-22,325458
The Beyond Chronicles 1,4.93,48106,Huber Group Publications,Tina Cowan,2018-03-08,482762
The Student Chronicles 5,4.26,4363,"Cole, Garner and Wright Publications",Ryan Mcintosh,2025-03-01,69370
The Help Chronicles 2,3.58,15521,Martin Inc Publications,Janice Johnson,2024-02-23,170894
The Part Chronicles 4,3.67,35478,Tucker and Sons Publications,Stephanie Smith,2016-08-05,266837
The Movement Chronicles 3,2.89,23127,Barrera-Liu Publications,Katie Little,2022-07-15,962893
The Figure Chronicles 2,2.84,39469,Clark-Mccarthy Publications,Cameron Hall,2018-07-25,68792
The Economy Chronicles 4,3.31,22210,Matthews-Johnson Publications,David Aguilar,2024-10-23,254056
The Consider Chronicles 1,2.82,21887,"Gonzales, Miles and Ray Publications",Christopher Waller,2021-01-11,790236
The Thus Chronicles 3,3.03,19931,"Harris, Davis and Stevenson Publications",Christine Jackson,2021-11-12,524932
The Part Chronicles 2,4.57,13092,Walker-Parks Publications,Andrea Morris,2022-08-03,175818
The Store Chronicles 4,3.0,7090,Pena LLC Publications,David Hernandez,2020-05-24,693513
The Where Chronicles 1,2.55,15925,"Shaffer, Walker and Lowe Publications",Lisa Cunningham,2025-05-09,890770
The Listen Chronicles 4,4.38,14068,Tucker and Sons Publications,Andrea Morris,2017-09-04,306412
The Wonder Chronicles 5,4.45,43347,Nguyen Inc Publications,Jessica Martin,2024-10-12,738849
The Strong Chronicles 5,4.58,7369,"Green, Castillo and Rowe Publications",Mary Smith,2020-03-05,322641
The Star Chronicles 5,2.84,13991,"Gonzales, Miles and Ray Publications",Craig Ayala,2021-07-19,262934
The Well Chronicles 1,2.69,6365,Moore LLC Publications,Stacy Gutierrez,2019-07-19,33737
The Few Chronicles 3,2.7,46512,Moore LLC Publications,Veronica Miller,2017-04-16,946644
The Describe Chronicles 1,3.46,7802,Martin Inc Publications,Matthew Brooks,2016-09-26,690698
The Certainly Chronicles 3,3.18,8515,Moore LLC Publications,Susan Sanders,2015-10-22,71818
The Beyond Chronicles 2,2.88,19011,Sanders PLC Publications,Kevin Arnold,2016-08-17,427693
The Method Chronicles 3,3.47,22926,Smith Ltd Publications,Kevin Arnold,2018-09-30,736335
The Your Chronicles 5,3.5,49794,Lopez-Jones Publications,Barbara Maxwell,2016-10-02,745106
The School Chronicles 2,2.6,12886,Reyes-Carter Publications,Janice Johnson,2016-02-05,783929
The Figure Chronicles 3,4.84,44824,Nguyen Inc Publications,Brittany Gutierrez,2021-01-09,92489
The Whatever Chronicles 5,2.86,12118,"Miller, Sanchez and Moore Publications",Christopher Waller,2018-11-23,143833
The Challenge Chronicles 2,3.72,1641,Ferrell and Sons Publications,Barbara Maxwell,2021-04-14,724662
The Increase Chronicles 2,4.59,14888,Chen-Campbell Publications,David Hernandez,2018-04-14,9494
The Season Chronicles 3,3.93,49248,Barrera-Liu Publications,Lisa Henderson,2018-04-14,609313
The Star Chronicles 5,3.51,32644,Young-Johnson Publications,Cameron Hall,2023-07-02,847136
The Entire Chronicles 3,2.95,14736,"Santiago, Jones and West Publications",Jessica Martin,2020-06-05,561339
The Month Chronicles 4,4.18,46417,"Shaffer, Walker and Lowe Publications",Cameron Hall,2025-05-20,601225
The Thousand Chronicles 2,4.9,47123,Peters Group Publications,Tonya Clark,2022-06-09,449875
The Discussion Chronicles 5,4.46,47444,Smith Ltd Publications,Jeffery Ortega,2021-01-03,434950
The Economy Chronicles 5,2.93,14466,Barrera-Liu Publications,Cody Thomas,2019-08-08,721855
The Buy Chronicles 1,4.52,29133,Lopez-Jones Publications,Kevin Arnold,2016-05-27,829656
The Concern Chronicles 2,4.55,15175,Pena LLC Publications,Pam Jones,2017-03-09,189516
The Method Chronicles 3,4.66,47700,Huber Group Publications,Jeffery Wagner,2024-11-06,230370
The Think Chronicles 3,3.45,36939,Patterson-Potter Publications,Sarah Cook,2016-01-25,828332
The Expert Chronicles 1,2.85,45557,Tucker and Sons Publications,Cameron Roberts,2020-08-05,554343
The Student Chronicles 2,3.34,44202,Gilbert-Robinson Publications,Jasmine Blanchard,2024-07-25,432749
The Word Chronicles 4,3.29,22394,Barrera-Liu Publications,Joshua White,2022-09-29,861942
The Just Chronicles 2,2.86,41556,Walker-Parks Publications,Amanda Gibbs,2022-12-16,157906
The Star Chronicles 4,2.92,42234,"Green, Castillo and Rowe Publications",Scott Ortiz,2021-05-03,224787
The Game Chronicles 1,2.86,19212,"Miller, Sanchez and Moore Publications",Tonya Clark,2016-07-19,568470
The Game Chronicles 4,4.36,32120,Joseph-Gonzalez Publications,Jasmine Blanchard,2016-01-13,841359
The Image Chronicles 2,4.22,24346,Austin LLC Publications,Cynthia Garcia,2023-12-20,301482
The Response Chronicles 4,3.41,13934,"Shaffer, Walker and Lowe Publications",Jessica Martin,2023-10-17,443958
The Position Chronicles 3,3.78,25704,Joseph-Gonzalez Publications,Maria Evans,2017-12-15,27362
The Hot Chronicles 5,3.77,32848,Martinez-Park Publications,Jose Young,2018-03-07,750101
The Machine Chronicles 1,2.55,5462,"Schroeder, Moore and Allen Publications",Kenneth Rodriguez,2025-08-01,144736
The Minute Chronicles 2,2.88,23859,Tucker and Sons Publications,David Aguilar,2019-04-21,800511
The Always Chronicles 5,2.83,22466,Gilbert-Robinson Publications,Arthur Nunez,2017-08-30,986553
The About Chronicles 4,3.25,23154,Ferrell and Sons Publications,Christine Jackson,2017-07-09,651159
The Word Chronicles 5,4.41,2025,Callahan LLC Publications,Matthew Alvarez,2020-06-19,122337
The Election Chronicles 4,3.53,10827,Cabrera-Eaton Publications,Sharon Salazar,2017-07-18,977525
The Whatever Chronicles 2,4.67,12277,Hicks PLC Publications,Larry Lewis,2023-03-04,671577
The Account Chronicles 3,4.88,18146,"Taylor, Murphy and Watkins Publications",Vickie Peters,2022-12-04,679460
The Thus Chronicles 5,3.01,33632,Joseph-Gonzalez Publications,Christopher Lopez,2018-07-14,313677
The Minute Chronicles 1,3.97,16331,Austin LLC Publications,Emily Hughes,2019-03-31,668470
The Daughter Chronicles 4,3.7,44784,Sanders PLC Publications,Peter Butler,2022-05-20,378847
The Piece Chronicles 2,2.55,28769,Cruz PLC Publications,Lisa Henderson,2017-06-11,78297
The Sense Chronicles 4,3.69,43091,Cabrera-Eaton Publications,Cynthia Garcia,2017-03-24,904212
The Manage Chronicles 1,4.24,4406,"Taylor, Murphy and Watkins Publications",Amanda Gibbs,2022-08-18,991931
The Political Chronicles 3,2.93,27950,"Harris, Davis and Stevenson Publications",Dylan Smith,2020-09-17,210239
The Party Chronicles 5,3.22,23390,Peters Group Publications,Mathew Martin,2022-11-14,828276
The North Chronicles 3,3.89,18255,Martinez-Park Publications,Christine Roman,2018-12-20,635278
The Always Chronicles 5,4.22,30457,Peters Group Publications,Amber Murphy,2019-05-07,430535
The Hold Chronicles 1,3.92,19445,Chen-Campbell Publications,Cameron Roberts,2016-06-23,160224
The Necessary Chronicles 1,2.93,27891,Peters Group Publications,Jasmine Blanchard,2021-07-21,482506
The Trade Chronicles 4,3.1,41795,"Santiago, Jones and West Publications",Marissa Morgan,2018-03-29,126320
The Too Chronicles 4,2.76,37820,Cabrera-Eaton Publications,Darius Jimenez,2016-03-12,89001
The Show Chronicles 5,3.72,24145,Meza-Cook Publications,Barbara Benson,2018-05-27,719074
The Thus Chronicles 2,3.97,7528,Clark-Mccarthy Publications,Andrew Carlson,2023-10-29,187532
The Cultural Chronicles 1,4.4,39694,Peters Group Publications,Dustin Barber,2019-10-06,786957
The Type Chronicles 3,3.05,594,Chen-Campbell Publications,Larry Lewis,2022-02-18,982327
The Account Chronicles 1,3.44,24512,"Santiago, Jones and West Publications",Lisa Cunningham,2017-01-20,706877
The Learn Chronicles 3,2.92,2704,Nguyen Inc Publications,Amber Murphy,2018-08-11,189396
The Page Chronicles 4,3.65,20124,"Crosby, West and Norton Publications",Dan Pham,2021-04-29,947829
The Growth Chronicles 4,3.88,45605,Ferrell and Sons Publications,Tonya Clark,2022-07-03,757127
The Chance Chronicles 4,2.69,8498,"Miller, Sanchez and Moore Publications",Laura Zimmerman,2025-04-03,92516
The Treat Chronicles 1,3.52,14145,Barrera-Liu Publications,Cody Thomas,2021-11-08,408750
The Fill Chronicles 1,3.02,22602,Barrera-Liu Publications,Cynthia Marshall,2024-05-30,690214
The Rich Chronicles 2,3.55,3136,"Santiago, Jones and West Publications",Emily Hughes,2023-03-23,495539
The Treat Chronicles 2,4.55,31089,"Cole, Garner and Wright Publications",Barbara Benson,2022-03-29,123789
The Piece Chronicles 5,4.52,5108,Meza-Cook Publications,Anthony Phillips,2024-09-03,66897
The Main Chronicles 1,4.66,29308,Clark-Mccarthy Publications,Larry Lewis,2019-02-01,691552
The Cost Chronicles 4,3.89,43386,Lopez-Jones Publications,Stacy Gutierrez,2020-10-16,97067
The Part Chronicles 5,4.82,16241,Austin LLC Publications,Sarah Cook,2024-08-04,415617
The Tonight Chronicles 2,4.06,44107,Smith Ltd Publications,Ryan Mcintosh,2019-12-02,531963
The Word Chronicles 2,3.65,33753,"Miller, Sanchez and Moore Publications",Tonya Clark,2019-08-05,217062
The Later Chronicles 5,3.13,34481,Ferrell and Sons Publications,Kenneth Rodriguez,2021-06-29,392326
The Game Chronicles 1,2.6,37242,"Cole, Garner and Wright Publications",Luis Reed Jr.,2018-11-19,572892
The Where Chronicles 5,2.93,28437,"Miller, Sanchez and Moore Publications",Arthur Nunez,2018-04-27,258217
The Coach Chronicles 3,4.56,49930,Gilbert-Robinson Publications,Brittany Gutierrez,2017-02-13,51129
The Where Chronicles 3,3.47,40623,Moore-Potter Publications,Dylan Smith,2019-03-03,538990
The Daughter Chronicles 3,4.9,16496,"Smith, Erickson and Stephens Publications",Barbara Maxwell,2019-08-08,983145
The Trade Chronicles 5,2.55,46319,"Taylor, Murphy and Watkins Publications",Mathew Martin,2020-12-11,694284
The Show Chronicles 1,3.88,22681,Gilbert-Robinson Publications,Anthony Nelson,2021-10-13,130679
The Increase Chronicles 5,3.15,46847,"Garrison, Donovan and Nelson Publications",Mario Jones,2020-07-30,817172
The Well Chronicles 3,4.64,15554,Peters Group Publications,Tonya Clark,2019-02-13,305125
The Well Chronicles 4,3.63,12401,Reyes-Carter Publications,Eric Moreno,2017-07-15,516884
The Election Chronicles 3,4.73,3452,"Wang, Russell and Davis Publications",Thomas Waters,2017-09-15,41033
The Current Chronicles 3,4.31,36951,Moore LLC Publications,Emily Hughes,2024-07-11,775663
The Cover Chronicles 2,3.74,16365,Young-Johnson Publications,Brandon Avery,2016-10-13,173821
The Economy Chronicles 2,3.05,31813,Sanders PLC Publications,Tyler Simmons,2022-03-01,279599
The Do Chronicles 3,4.65,7221,Joseph-Gonzalez Publications,Antonio Crane,2022-06-02,18777
The Later Chronicles 5,3.04,672,"Green, Castillo and Rowe Publications",Ryan Mcintosh,2021-12-06,501214
The All Chronicles 3,4.4,5805,Tucker and Sons Publications,Tina Cowan,2019-06-05,206004
The Hand Chronicles 5,4.88,42851,Gamble-Reed Publications,Luis Reed Jr.,2021-10-27,245610
The Later Chronicles 5,3.04,5510,Brown-Holmes Publications,Anthony Phillips,2016-01-21,890778
The Week Chronicles 5,4.17,17743,Walker-Parks Publications,Dylan Smith,2015-10-26,103376
The Stop Chronicles 4,4.77,11971,Martinez-Park Publications,Tonya Clark,2018-02-05,795183
The North Chronicles 3,4.22,46552,Matthews-Johnson Publications,Tina Torres,2023-03-31,15014
The Kid Chronicles 2,4.36,9803,Lopez-Jones Publications,Jeffery Wagner,2023-02-13,161686
The Little Chronicles 5,3.87,13802,Nielsen PLC Publications,Cheryl Reyes MD,2016-03-20,992157
The Consider Chronicles 4,4.42,34776,Fuller-Herrera Publications,Antonio Crane,2016-09-09,65024
The Store Chronicles 2,2.89,42564,"Shaffer, Walker and Lowe Publications",Connie Wise,2016-07-29,269143
The Color Chronicles 5,3.75,43036,Brown-Holmes Publications,Anita Andrade,2023-04-02,360950
The Throw Chronicles 2,3.52,29535,Ramos-Walker Publications,Kenneth Rodriguez,2018-12-22,67659
The Tonight Chronicles 3,2.79,3858,Joseph-Gonzalez Publications,Mario Jones,2016-11-26,466156
The Party Chronicles 2,4.88,30686,"Reese, Tate and Mann Publications",Taylor Gibson,2023-03-20,509934
The Republican Chronicles 5,2.95,42051,"Santiago, Jones and West Publications",Stephanie Smith,2025-06-21,864426
The Source Chronicles 1,4.27,44287,"Green, Castillo and Rowe Publications",Luis Reed Jr.,2017-04-02,81700
The Wall Chronicles 2,4.27,6709,Ramos-Walker Publications,Cynthia Garcia,2022-01-12,554885
The Catch Chronicles 5,3.04,30915,Austin LLC Publications,Brittany Gutierrez,2024-04-18,320534
The Help Chronicles 4,3.2,22734,Young-Johnson Publications,Stacy Gutierrez,2021-10-12,659938
The Interesting Chronicles 4,4.86,32621,Martinez-Park Publications,Brian Rivera,2017-03-19,42165
The Star Chronicles 1,4.63,21666,"Crosby, West and Norton Publications",Anthony Nelson,2017-06-09,64702
The Difficult Chronicles 5,2.8,26562,Gilbert-Robinson Publications,Brian Rivera,2025-07-12,948448
The Store Chronicles 3,4.53,11094,"Schroeder, Moore and Allen Publications",Stephanie Smith,2025-07-31,516291
The Letter Chronicles 1,3.34,48528,"Taylor, Murphy and Watkins Publications",Cody Thomas,2023-07-03,958868
The Choice Chronicles 3,3.02,23113,Cruz PLC Publications,Antonio Crane,2021-06-06,353117
The Mrs Chronicles 2,4.93,4583,"Cole, Garner and Wright Publications",James Ayala,2017-02-28,744982
The Also Chronicles 4,2.51,26641,"Crosby, West and Norton Publications",Tonya Clark,2021-05-10,83540
The Hand Chronicles 1,4.63,6704,Meza-Cook Publications,Christopher Lopez,2021-04-13,921215
The No Chronicles 3,2.64,8442,"Harris, Davis and Stevenson Publications",Allen Spence,2021-10-05,111993
The Indicate Chronicles 3,3.96,42812,"Shaffer, Walker and Lowe Publications",Donna Miller,2023-10-07,895725
The Color Chronicles 4,2.9,31878,Fuller-Herrera Publications,Matthew Brooks,2021-06-04,770314
The Money Chronicles 2,3.27,20410,"Shaffer, Walker and Lowe Publications",Christine Roman,2016-08-19,87781
The Girl Chronicles 5,3.07,48762,"Harris, Davis and Stevenson Publications",Tonya Clark,2022-02-08,750830
The Reflect Chronicles 4,3.96,16939,Cruz PLC Publications,Brian Rivera,2021-04-05,863980
The Conference Chronicles 1,4.14,25691,Cabrera-Eaton Publications,Jessica Martin,2024-01-16,674373
The Face Chronicles 2,2.74,35690,Lopez-Jones Publications,Stephanie Smith,2022-09-04,803563
The Show Chronicles 1,4.62,46193,Ortega-Brandt Publications,Eric Moreno,2023-10-02,539259
The Rich Chronicles 2,3.14,49135,"Wang, Russell and Davis Publications",Tina Cowan,2018-05-30,676383
The Local Chronicles 4,3.87,4978,Sanders PLC Publications,Susan Taylor,2016-04-09,401125
The Girl Chronicles 4,3.13,41030,Patterson-Potter Publications,Tina Cowan,2019-05-27,425052
The Buy Chronicles 2,3.34,1424,Smith Ltd Publications,Sharon Salazar,2023-03-27,342891
The Scientist Chronicles 2,2.5,45747,Young-Johnson Publications,Andrea Morris,2024-07-30,670363
The Color Chronicles 2,3.43,5714,Chen-Campbell Publications,Donna Miller,2021-08-09,153245
The Special Chronicles 5,2.9,125,Pena LLC Publications,John Johnson,2024-03-19,581802
The Choice Chronicles 1,3.9,28553,Clark-Mccarthy Publications,Willie Cline,2021-09-02,75101
The She Chronicles 3,3.27,32785,Moore-Potter Publications,Mary Smith,2021-10-16,379532
The Product Chronicles 1,3.27,32539,Peters Group Publications,Michael Nash,2019-03-09,596361
The Discover Chronicles 3,2.7,1956,"Green, Castillo and Rowe Publications",Nicole Morrison,2024-05-23,18467
The Bag Chronicles 1,3.53,39227,"Harris, Davis and Stevenson Publications",Lisa Cunningham,2023-02-19,645598
The Staff Chronicles 1,4.77,46837,"Gonzales, Miles and Ray Publications",Matthew Alvarez,2019-08-31,679300
The School Chronicles 2,2.88,19231,Smith Ltd Publications,Mary Smith,2016-01-12,930854
The Administration Chronicles 4,4.5,20534,Huber Group Publications,Mary Smith,2025-07-08,609667
The Strong Chronicles 2,4.52,8433,"Taylor, Murphy and Watkins Publications",Mr. Timothy Ray,2017-06-24,807333
The Him Chronicles 5,4.76,26336,Callahan LLC Publications,Matthew Alvarez,2016-01-14,647785
The Ready Chronicles 3,4.64,49267,Reyes-Carter Publications,Katelyn Smith,2016-04-18,428711
The Like Chronicles 3,4.94,43011,"Wang, Russell and Davis Publications",Dwayne Elliott,2021-06-08,918795
The Few Chronicles 4,3.87,2171,"Wang, Russell and Davis Publications",James Ayala,2022-01-26,616416
The Choice Chronicles 4,2.74,39793,Pena LLC Publications,Peter Butler,2019-10-12,245160
The Blood Chronicles 1,3.07,9481,Callahan LLC Publications,Cynthia Garcia,2017-10-01,111138
The Discussion Chronicles 3,4.55,24156,Ramos-Walker Publications,Arthur Nunez,2020-06-22,502308
The Later Chronicles 3,3.09,47835,"Gonzales, Miles and Ray Publications",Laura Zimmerman,2017-06-02,636071
The Product Chronicles 5,3.72,25751,"Gonzales, Miles and Ray Publications",Jennifer Brown,2016-08-22,125455
The Win Chronicles 4,3.3,21860,Cabrera-Eaton Publications,Stephanie Smith,2024-10-27,286993
The Discussion Chronicles 5,4.62,49968,Hicks PLC Publications,Mark Martin,2022-09-17,700264
The Page Chronicles 3,2.78,14227,Austin LLC Publications,Dan Pham,2020-08-29,570983
The Month Chronicles 4,4.47,29901,Pena LLC Publications,Jessica Martin,2020-09-15,673269
The Face Chronicles 3,2.9,46213,Ramos-Walker Publications,Amber Murphy,2016-03-20,481796
The Face Chronicles 3,3.69,17427,Sanders PLC Publications,Brittany Gutierrez,2021-05-31,794228
The Letter Chronicles 2,4.6,22119,Gamble-Reed Publications,Allen Spence,2020-02-12,684402
The Game Chronicles 3,3.33,45493,"Santiago, Jones and West Publications",Angie Gray,2016-10-29,812062
The Meet Chronicles 2,4.84,26709,Cruz PLC Publications,Jasmine Blanchard,2021-02-10,883390
The Water Chronicles 3,3.76,1770,Nguyen Inc Publications,Anthony Nelson,2020-07-27,401728
The Father Chronicles 2,2.83,43758,"Reese, Tate and Mann Publications",Amanda Gibbs,2019-01-20,43736
The What Chronicles 5,3.77,48967,Moore-Potter Publications,Lisa Cunningham,2024-11-30,730738
The Wall Chronicles 2,3.54,25121,Austin LLC Publications,Jeffery Wagner,2019-08-12,796296
The Alone Chronicles 4,4.66,34808,Brown-Holmes Publications,Scott Ortiz,2023-09-22,55124
The Him Chronicles 5,3.02,38781,Ferrell and Sons Publications,Craig Ayala,2016-09-13,4687
The Hot Chronicles 4,3.33,14661,Moore-Potter Publications,Taylor Gibson,2024-07-05,388425
The Machine Chronicles 4,4.54,18558,Moore-Potter Publications,Jeffery Wagner,2020-02-21,734053
The Later Chronicles 2,3.96,7380,Cruz PLC Publications,Tonya Clark,2016-08-02,449557
The Money Chronicles 4,3.86,26016,Chen-Campbell Publications,Brian Alvarado,2022-05-10,605399
The Whose Chronicles 3,3.93,16809,"Santiago, Jones and West Publications",Craig Ayala,2025-08-13,123210
The Like Chronicles 4,4.33,25555,Moore-Potter Publications,Stacy Gutierrez,2017-05-18,204813
The Minute Chronicles 3,3.23,46823,Nguyen Inc Publications,Maria Evans,2021-12-14,781440
The Figure Chronicles 2,3.25,44963,Chen-Campbell Publications,Scott Ortiz,2015-10-24,759115
The Light Chronicles 5,4.14,39161,Taylor Inc Publications,Kristie Wilson,2024-12-17,215175
The Reflect Chronicles 3,3.97,33648,"Harris, Davis and Stevenson Publications",Brittany Gutierrez,2019-08-18,785685
The May Chronicles 4,4.93,28997,Hicks PLC Publications,Vickie Peters,2025-02-23,775552
The Whatever Chronicles 5,3.84,23028,"Reese, Tate and Mann Publications",David Hernandez,2024-01-03,729596
The Similar Chronicles 1,3.78,12824,Joseph-Gonzalez Publications,James Ayala,2018-01-25,898814
The None Chronicles 5,3.57,44484,Chen-Campbell Publications,Christopher Waller,2025-10-05,495241
The Growth Chronicles 2,4.26,48617,"Green, Castillo and Rowe Publications",Amanda Gibbs,2022-07-28,500637
The Rise Chronicles 2,2.72,27138,"Gonzales, Miles and Ray Publications",Cody Thomas,2020-10-11,807177
The Method Chronicles 4,4.03,31933,Clark-Mccarthy Publications,Sarah Cook,2017-07-27,60212
The Response Chronicles 5,2.82,38818,Barrera-Liu Publications,Barbara Benson,2018-10-05,441472
The Effect Chronicles 2,3.37,39082,"Schroeder, Moore and Allen Publications",Barbara Maxwell,2018-05-07,186186
The Mrs Chronicles 3,4.17,21403,Ferrell and Sons Publications,Jennifer Brown,2018-08-21,199397
The Thus Chronicles 4,3.24,45695,Cabrera-Eaton Publications,Susan Taylor,2016-09-22,756562
The Ready Chronicles 3,4.73,36975,Martin Inc Publications,Janice Johnson,2020-10-07,821754
The Position Chronicles 1,4.93,7894,Pena LLC Publications,Tyler Simmons,2016-10-27,539602
The Hold Chronicles 4,2.9,20275,"Crosby, West and Norton Publications",Susan Sanders,2023-12-07,436631
The May Chronicles 5,4.99,16787,Hicks PLC Publications,Marissa Morgan,2025-05-02,667774
The Stop Chronicles 4,3.74,24894,Martinez-Park Publications,Amy Ballard,2020-09-08,487256
The North Chronicles 4,3.69,4869,"Garrison, Donovan and Nelson Publications",Connie Wise,2022-05-28,895803
The Month Chronicles 4,3.61,45348,Reyes-Carter Publications,Stephanie Smith,2025-01-23,58034
The Too Chronicles 2,2.86,7741,Lopez-Jones Publications,Kevin Arnold,2021-01-10,689977
The Nothing Chronicles 2,3.3,32925,"Santiago, Jones and West Publications",Willie Cline,2021-04-18,365580
The Lose Chronicles 5,3.29,34367,Hicks PLC Publications,Kristie Wilson,2015-11-07,528756
The Help Chronicles 3,3.08,27680,Hicks PLC Publications,Kevin Arnold,2019-10-18,97745
The Well Chronicles 3,3.28,4496,Cabrera-Eaton Publications,Peter Butler,2020-01-31,248066
The Necessary Chronicles 4,3.82,45613,Patterson-Potter Publications,David Aguilar,2016-07-01,848781
The Challenge Chronicles 1,4.93,12057,Joseph-Gonzalez Publications,Mark Martin,2024-12-25,230181
The Buy Chronicles 2,2.98,41416,Chen-Campbell Publications,Angie Gray,2020-03-20,91163
The Response Chronicles 2,3.11,28835,Gamble-Reed Publications,Tammy Hudson,2021-11-14,429430
The Challenge Chronicles 5,2.97,46479,Cruz PLC Publications,Cynthia Marshall,2019-02-05,166000
The Assume Chronicles 3,3.95,18270,Hicks PLC Publications,Donna Miller,2017-03-05,937563
The Light Chronicles 4,3.08,5422,"Miller, Sanchez and Moore Publications",Joshua White,2019-05-13,548408
The Visit Chronicles 3,3.54,12516,"Schroeder, Moore and Allen Publications",Stacy Gutierrez,2018-07-14,678021
The Father Chronicles 5,3.05,6690,Chen-Campbell Publications,Connie Wise,2020-07-31,969797
The Republican Chronicles 5,3.22,41712,Pena LLC Publications,Mathew Martin,2021-04-23,359955
The Kid Chronicles 5,2.72,16603,Nguyen Inc Publications,Jose Young,2016-05-13,441343
The Top Chronicles 3,2.78,43259,Matthews-Johnson Publications,Jessica Martin,2021-03-16,655765
The People Chronicles 2,2.68,19055,Austin LLC Publications,Dwayne Elliott,2022-03-21,443874
The Usually Chronicles 4,3.35,24199,Sanders PLC Publications,Sharon Salazar,2018-05-23,216388
The Well Chronicles 2,3.49,12328,Sanders PLC Publications,Thomas Waters,2023-03-25,232531
The Mrs Chronicles 1,2.61,45032,Taylor Inc Publications,Tyler Simmons,2019-07-20,64413
The According Chronicles 4,4.58,11092,"Green, Castillo and Rowe Publications",Andrew Carlson,2025-08-20,737882
The Certainly Chronicles 5,3.82,20226,Pena LLC Publications,Jennifer Brown,2018-04-17,86571
The Whose Chronicles 1,4.38,8709,Peters Group Publications,Jerry Brown,2020-06-16,90007
The Collection Chronicles 4,4.4,37019,Hicks PLC Publications,Mark Martin,2017-04-01,477807
The Republican Chronicles 5,2.56,21746,"Green, Castillo and Rowe Publications",Lisa Henderson,2017-09-25,21208
The Also Chronicles 2,3.21,28959,Chen-Campbell Publications,Christopher Lopez,2019-04-11,438261
The Assume Chronicles 2,2.8,482,Ortega-Brandt Publications,Connie Wise,2022-07-01,349098
The Mrs Chronicles 2,3.21,8066,Ramos-Walker Publications,Anthony Nelson,2023-07-22,952551
The Treat Chronicles 3,3.83,24158,Peters Group Publications,Emily Hughes,2022-08-02,663242
The Girl Chronicles 1,4.33,7799,"Santiago, Jones and West Publications",Darius Jimenez,2016-08-11,28249
The What Chronicles 2,4.71,7749,Ferrell and Sons Publications,Sarah Cook,2025-10-09,786743
The Throughout Chronicles 1,3.21,3438,Lopez-Jones Publications,Anthony Nelson,2024-09-09,137460
The Game Chronicles 2,3.47,21709,"Cole, Garner and Wright Publications",Jeffery Wagner,2020-06-12,184740
The Star Chronicles 2,3.77,32613,"Shaffer, Walker and Lowe Publications",Tyler Simmons,2019-02-18,76391
The Word Chronicles 5,3.32,26362,Hicks PLC Publications,David Hernandez,2020-10-14,159164
The Strong Chronicles 2,4.3,33255,Reyes-Carter Publications,Jose Young,2018-05-27,115954
The Entire Chronicles 4,3.29,15269,"Miller, Sanchez and Moore Publications",Tina Torres,2023-03-28,85479
The Main Chronicles 4,4.52,34785,"Garrison, Donovan and Nelson Publications",Pam Jones,2025-07-03,998507
The Wall Chronicles 3,4.21,18798,Joseph-Gonzalez Publications,Barbara Benson,2019-10-04,488636
The Account Chronicles 3,3.97,30281,Moore LLC Publications,Dylan Smith,2021-05-18,731615
The Campaign Chronicles 1,4.85,27048,Martin Inc Publications,Jose Young,2020-11-15,9550
The Owner Chronicles 5,4.61,26131,Moore LLC Publications,David Aguilar,2016-05-19,70458
The Certainly Chronicles 1,4.95,34210,Clark-Mccarthy Publications,Amber Murphy,2019-03-16,322138
The Consider Chronicles 5,3.95,41355,Gilbert-Robinson Publications,Susan Sanders,2015-10-30,892148
The Pattern Chronicles 3,2.76,11613,"Crosby, West and Norton Publications",Amanda Gibbs,2018-11-06,859542
The As Chronicles 2,2.67,16361,Austin LLC Publications,Barbara Maxwell,2023-04-29,410990
The Well Chronicles 2,3.55,22788,"Reese, Tate and Mann Publications",Amber Murphy,2024-11-17,436485
The Manage Chronicles 2,3.83,28013,Nguyen Inc Publications,Maria Evans,2016-03-24,341687
The In Chronicles 3,4.4,32311,Cabrera-Eaton Publications,Kristie Wilson,2020-06-11,426777
The Entire Chronicles 2,3.7,41648,"Crosby, West and Norton Publications",Amber Murphy,2016-12-11,366123
The Product Chronicles 4,4.8,48288,"Garrison, Donovan and Nelson Publications",Donna Miller,2016-02-25,729420
The Tonight Chronicles 5,3.87,20843,"Wang, Russell and Davis Publications",Tina Cowan,2022-02-23,425438
The Position Chronicles 4,3.0,47457,Taylor Inc Publications,Jeffery Ortega,2017-01-16,712190
The Blood Chronicles 5,4.05,35148,"Garrison, Donovan and Nelson Publications",Mary Smith,2021-11-11,91105
The Hot Chronicles 2,4.23,5442,"Wang, Russell and Davis Publications",James Rivera PhD,2017-11-22,522025
The Owner Chronicles 3,3.66,21911,Ferrell and Sons Publications,Susan Taylor,2019-08-09,934802
The Cost Chronicles 4,4.43,10135,Smith Ltd Publications,Joshua White,2020-01-10,664020
The Though Chronicles 5,2.77,2491,Reyes-Carter Publications,David Aguilar,2021-10-07,554272
The Response Chronicles 4,4.51,29981,Nielsen PLC Publications,Peter Butler,2025-04-10,24752
The Image Chronicles 5,2.64,28331,Smith Ltd Publications,Jose Young,2024-12-23,781833
The Season Chronicles 1,4.48,44999,Gamble-Reed Publications,John Johnson,2025-01-10,663073
The Visit Chronicles 4,2.98,44766,Lopez-Jones Publications,Maria Evans,2016-01-18,63131
The Maintain Chronicles 4,2.87,21801,Joseph-Gonzalez Publications,Connie Wise,2016-09-30,724829
The Color Chronicles 2,4.31,17484,"Taylor, Murphy and Watkins Publications",David Hernandez,2017-01-16,171939
The Rise Chronicles 5,3.39,30887,"Smith, Erickson and Stephens Publications",Stacy Gutierrez,2022-03-04,255845
The Mrs Chronicles 4,3.09,33473,Lopez-Jones Publications,Jeffery Ortega,2024-05-18,781723
The Sense Chronicles 2,4.61,47460,Callahan LLC Publications,Christopher Waller,2021-08-17,14530
The Expert Chronicles 5,3.52,45010,"Santiago, Jones and West Publications",Anthony Phillips,2017-01-19,562806
The Well Chronicles 2,4.23,43602,Taylor Inc Publications,Jeffery Wagner,2020-06-18,861251
The Common Chronicles 4,3.63,27697,"Taylor, Murphy and Watkins Publications",Michael Nash,2021-02-20,724944
The Common Chronicles 4,3.21,32414,Cabrera-Eaton Publications,Arthur Nunez,2018-11-29,539622
The Mind Chronicles 1,4.42,36999,"Reese, Tate and Mann Publications",Emily Hughes,2025-05-14,92160
The Chance Chronicles 1,3.54,18933,"Reese, Tate and Mann Publications",Thomas Waters,2017-03-29,261430
The Movement Chronicles 2,4.16,17816,"Garrison, Donovan and Nelson Publications",Matthew Brooks,2022-10-12,180110
The Image Chronicles 1,4.32,6219,"Santiago, Jones and West Publications",Jerry Brown,2018-08-12,127670
The Type Chronicles 2,3.58,48709,Martin Inc Publications,Kenneth Rodriguez,2018-05-11,599698
The Individual Chronicles 5,2.93,8654,Pena LLC Publications,John Johnson,2019-04-04,112939
The Growth Chronicles 2,3.34,48654,Peters Group Publications,Michael Nash,2016-01-26,718378
The Just Chronicles 3,3.4,28577,"Reese, Tate and Mann Publications",Mary Smith,2016-06-20,217891
The Later Chronicles 5,4.13,6429,Chen-Campbell Publications,Dan Pham,2024-10-06,529262
The Heart Chronicles 1,4.82,35201,Smith Ltd Publications,Barbara Benson,2021-09-06,494389
The Too Chronicles 1,2.86,29129,Huber Group Publications,Kenneth Rodriguez,2021-01-12,232873
The Week Chronicles 4,3.85,4865,Sanders PLC Publications,Darius Jimenez,2016-12-06,955685
The North Chronicles 2,2.73,42479,Ferrell and Sons Publications,Tina Cowan,2024-10-13,838104
The Special Chronicles 4,4.46,20180,Matthews-Johnson Publications,Jennifer Brown,2024-01-09,324502
The Your Chronicles 2,4.87,36797,Walker-Parks Publications,Tina Torres,2025-10-05,954626
The Look Chronicles 1,2.96,49694,Moore LLC Publications,Dustin Barber,2016-01-19,880024
The Show Chronicles 5,3.88,31678,Ramos-Walker Publications,Dwayne Elliott,2016-01-18,639419
The Figure Chronicles 3,4.92,23797,Ramos-Walker Publications,Kenneth Rodriguez,2022-12-21,804692
The Response Chronicles 4,4.93,45442,Cruz PLC Publications,Jessica Martin,2019-09-11,260429
The Response Chronicles 3,3.18,36134,Taylor Inc Publications,Timothy Wells,2018-05-25,450345
